mu_value,growth_pct_required
6903.325617283951,68.47704286805241
6931.077680067002,67.80246011382599
6958.829742850053,67.13325788007194
6986.5818056331045,66.46937204936656
7014.333868416155,65.81073951900309
7042.085931199206,65.15729818099717
7069.837993982257,64.50898690256344
7097.590056765308,63.86574550705
7125.34211954836,63.22751475531854
7153.094182331411,62.59423632755785
7180.846245114461,61.965852805518985
7208.598307897512,61.342307655160866
7236.350370680564,60.72354520969523
7264.102433463615,60.109510653020195
7291.854496246666,59.50015000353201
7319.606559029717,58.89541009830535
7347.3586218127675,58.29523857763186
7375.110684595819,57.699583869907926
7402.86274737887,57.10839517686237
7430.614810161921,56.52162245911499
7458.366872944972,55.93921642205781
7486.118935728024,55.36112850205017
7513.8709985110745,54.78731085291979
7541.623061294125,54.21771633276187
7569.375124077176,53.652298491028546
7597.127186860227,53.0910115559015
7624.879249643279,52.533810421940075
7652.63131242633,51.9806506379983
7680.383375209381,51.431488395403925
7708.135437992431,50.88628051639257
7735.887500775483,50.344984442791144
7763.639563558534,49.807558224943826
7791.391626341585,49.27396051087456
7819.143689124636,48.74415053568069
7846.895751907687,48.21808811115132
7874.6478146907375,47.69573361560542
7902.399877473789,47.17704798394393
7930.15194025684,46.66199269791089
7957.904003039891,46.150529776558116
7985.656065822943,45.642621766908896
8013.408128605994,45.138231734815704
8041.1601913890445,44.63732325600702
8068.912254172095,44.13986040731912
8096.664316955146,43.64580775810809
8124.416379738197,43.15513036183787
8152.168442521249,42.66779374784011
8179.9205053043,42.183763913241854
8207.67256808735,41.70300731505678
8235.424630870402,41.2254908624365
8263.176693653453,40.751181909078205
8290.928756436504,40.280048245784215
8318.680819219555,39.812058093171096
8346.432882002606,39.34718009452381
8374.184944785657,38.885383308792164
8401.937007568707,38.42663720372597
8429.689070351758,37.97091164914581
8457.44113313481,37.51817691034631
8485.193195917862,37.06840364162889
8512.945258700913,36.62156287996099
8540.697321483964,36.177626038758845
8568.449384267014,35.7365649017912
8596.201447050065,35.29835161720109
8623.953509833116,34.86295869164291
8651.705572616167,34.430358984532596
8679.457635399218,34.00052570240779
8707.209698182269,33.57343239339614
8734.961760965321,33.149052941788824
8762.713823748372,32.72736156271745
8790.465886531423,32.30833279693144
8818.217949314474,31.89194150567438
8845.970012097525,31.47816286565659
8873.722074880576,31.06697236412208
8901.474137663627,30.6583457940079
8929.226200446677,30.252259249193592
8956.978263229728,29.848689119839
8984.730326012781,29.447612087808594
9012.482388795832,29.049005122180247
9040.234451578883,28.652845474836642
9067.986514361934,28.259110676137823
9095.738577144984,27.867778530672883
9123.490639928035,27.47882711308909
9151.242702711086,27.09223476399709
9178.994765494137,26.707980085950233
9206.746828277188,26.326041939496726
9234.49889106024,25.94639943930288
9262.250953843291,25.569031950346165
9290.003016626342,25.193919084176343
9317.755079409393,24.82104069524358
9345.507142192444,24.45037687729186
9373.259204975495,24.08190795981655
9401.011267758546,23.715614504584615
9428.763330541597,23.351477302216452
9456.515393324647,22.989477368827703
9484.2674561077,22.629595942730152
9512.01951889075,22.27181448119049
9539.771581673802,21.91611465724519
9567.523644456853,21.562478356571525
9595.275707239904,21.21088767441226
9623.027770022954,20.861324912553812
9650.779832806005,20.513772576356693
9678.531895589056,20.168213371836675
9706.283958372107,19.82463020279639
9734.03602115516,19.4830061680058
9761.788083938209,19.14332455843082
9789.540146721261,18.805568854508948
9817.292209504312,18.46972272347147
9845.044272287363,18.135770016710453
9872.796335070414,17.80369476719055
9900.548397853465,17.473481186904106
9928.300460636516,17.145113664369084
9956.052523419567,16.818576762168757
9983.80458620262,16.493855214532395
10011.556648985668,16.170933924956454
10039.308711768721,15.849797963864631
10067.060774551772,15.53043256630746
10094.812837334823,15.212823129699071
10122.564900117874,14.8969552115916
10150.316962900924,14.582814527486088
10178.069025683975,14.270386948679036
10205.821088467026,13.959658500144222
10233.573151250079,13.650615358448892
10261.325214033128,13.343243849703956
10289.07727681618,13.037530447546963
10316.829339599231,12.733461771158128
10344.581402382282,12.431024583307938
10372.333465165333,12.130205788436221
10400.085527948384,11.830992430761933
10427.837590731435,11.533371692423255
10455.589653514486,11.23733089164709
10483.341716297537,10.94285748094781
10511.093779080587,10.64993904535456
10538.84584186364,10.358563300666312
10566.597904646691,10.06871809173482
10594.349967429742,9.780391390774156
10622.102030212793,9.493571295697034
10649.854092995844,9.208246028476964
10677.606155778894,8.924403933536151
10705.358218561945,8.64203347615824
10733.110281344996,8.361123240925771
10760.862344128047,8.081661930181916
10788.6144069111,7.803638362515852
10816.36646969415,7.527041471271412
10844.118532477201,7.251860303078783
10871.870595260252,6.9780840164085145
10899.622658043303,6.705701880147763
10927.374720826354,6.4347032721981945
10955.126783609405,6.165077678095088
10982.878846392456,5.8968146896476
11010.630909175507,5.629904003599351
11038.38297195856,5.3643354203093185
11066.135034741608,5.100098842452772
11093.887097524661,4.83718427374118
11121.639160307712,4.575581817661978
11149.391223090763,4.31528167623656
11177.143285873814,4.056274148797123
11204.895348656864,3.7985496307815225
11232.647411439917,3.542098612546085
11260.399474222966,3.286911678196036
11288.151537006019,3.0329795044327756
11315.903599789068,2.7802928594188536
11343.65566257212,2.5288426016587984
11371.407725355171,2.278619678896976
11399.159788138222,2.029615127031126
11426.911850921273,1.781820069041995
11454.663913704324,1.5352257139383152
11482.415976487375,1.2898233557173233
11510.168039270426,1.0456043723400477
11537.920102053478,0.8025602247216712
11565.672164836527,0.56068245573615
11593.42422761958,0.3199626892352647
11621.176290402631,0.08039262908188238
11648.928353185682,-0.15803594180336944
11676.680415968733,-0.3953311623813738
11704.432478751783,-0.6315010944207722
11732.184541534834,-0.8665537234109122
11759.936604317885,-1.1004969594618497
11787.688667100938,-1.3333386381917944
11815.440729883987,-1.5650865216017884
11843.19279266704,-1.7957482989384044
11870.944855450089,-2.0253315875440325
11898.696918233141,-2.253843933695543
11926.448981016192,-2.4812928134309797
11954.201043799243,-2.7076856333649757
11981.953106582294,-2.9330297314926757
12009.705169365345,-3.15733237798258
12037.457232148397,-3.38060077595842
12065.209294931446,-3.602842062270173
12092.9613577145,-3.824063308254655
12120.713420497548,-4.04427152048531
12148.4654832806,-4.263473641512194
12176.217546063652,-4.481676550591374
12203.969608846703,-4.698887064404689
12231.721671629753,-4.915111937769623
12259.473734412804,-5.130357864339475
12287.225797195857,-5.344631477294104
12314.977859978906,-5.557939350021323
12342.729922761959,-5.770287996789126
12370.481985545008,-5.981683873408771
12398.23404832806,-6.192133377889119
12425.986111111111,-6.40164285108199
