month,volume_mn,value_cr,days_in_month,seconds_in_month,total_transactions,lambda_avg_tps,rho_floor,rho_sens_low,rho_sens_high,rho_peak_baseline
2021-01-01,2302.73,431181.89,31,2678400,2302730000.0,859.740890083632,0.12454010396541154,0.1037834199711763,0.06918894664745086,0.0981000845259226
2021-02-01,2292.9,425062.76,28,2419200,2292900000.0,947.7926587301587,0.13729508229441723,0.11441256857868103,0.0762750457191207,0.10814716504345037
2021-03-01,2731.68,504886.44,31,2678400,2731680000.0,1019.8924731182796,0.14773929692158236,0.12311608076798532,0.08207738717865688,0.11637405987578753
2021-04-01,2641.06,493663.68,30,2592000,2641060000.0,1018.9274691358024,0.14759950864619506,0.12299959053849589,0.08199972702566392,0.11626394882565515
2021-05-01,2539.57,490638.65,31,2678400,2539570000.0,948.1668160095579,0.13734928186432632,0.11445773488693861,0.0763051565912924,0.10818985797705212
2021-06-01,2807.51,547373.17,30,2592000,2807510000.0,1083.1442901234568,0.15690181083325602,0.13075150902771335,0.08716767268514224,0.12359136065349334
2021-07-01,3247.82,606281.14,31,2678400,3247820000.0,1212.5970728793309,0.17565404561583114,0.14637837134652595,0.09758558089768397,0.13836247259773482
2021-08-01,3555.55,639116.95,31,2678400,3555550000.0,1327.490292712067,0.19229721532885705,0.16024767944071422,0.10683178629380947,0.1514722766178163
2021-09-01,3654.3,654351.81,30,2592000,3654300000.0,1409.837962962963,0.20422591097733134,0.1701882591477761,0.11345883943185074,0.16086849529870267
2021-10-01,4218.65,771444.98,31,2678400,4218649999.9999995,1575.0634707287932,0.22816010109464996,0.19013341757887497,0.12675561171924998,0.17972142699547203
2021-11-01,4186.48,768436.11,30,2592000,4186479999.9999995,1615.154320987654,0.23396757020178363,0.194972975168153,0.12998198344543535,0.18429596316616384
2021-12-01,4566.3,826848.22,31,2678400,4566300000.0,1704.861111111111,0.24696229116624993,0.20580190930520828,0.13720127287013886,0.19453188865855758
2022-01-01,4617.15,831993.11,31,2678400,4617150000.0,1723.8463261648747,0.24971244610696863,0.20809370508914055,0.1387291367260937,0.19669818227445837
2022-02-01,4527.49,826843.0,28,2419200,4527490000.0,1871.4823082010582,0.2710986576550007,0.2259155480458339,0.15061036536388928,0.21354407443088277
2022-03-01,5405.65,960581.66,31,2678400,5405650000.0,2018.2385005973715,0.2923574248829115,0.24363118740242629,0.16242079160161751,0.23028957885533843
2022-04-01,5583.05,983302.27,30,2592000,5583050000.0,2153.954475308642,0.3120169313635962,0.2600141094696635,0.17334273964644234,0.2457753475843313
2022-05-01,5955.2,1041520.07,31,2678400,5955200000.0,2223.416965352449,0.3220791092029108,0.26839925766909234,0.17893283844606156,0.2537013125154813
2022-06-01,5862.75,1014384.31,30,2592000,5862750000.0,2261.863425925926,0.3276483757716524,0.27304031314304367,0.18202687542869578,0.2580882168438467
2022-07-01,6288.4,1062991.76,31,2678400,6288400000.0,2347.8195937873356,0.34009979015173025,0.28341649179310857,0.18894432786207238,0.26789618041750946
2022-08-01,6579.63,1072792.68,31,2678400,6579630000.0,2456.5524193548385,0.3558505792055259,0.29654214933793827,0.19769476622529217,0.28030305730558774
2022-09-01,6780.8,1116438.1,30,2592000,6780800000.0,2616.0493827160494,0.378954945449221,0.3157957878743508,0.21053052524956722,0.29850233777233476
2022-10-01,7305.42,1211582.51,31,2678400,7305420000.0,2727.5313620071684,0.39510397063963065,0.3292533088663589,0.21950220591090594,0.311222904768412
2022-11-01,7309.45,1190593.39,30,2592000,7309450000.0,2820.0038580246915,0.40849932545036105,0.3404161045419676,0.22694406969464506,0.3217744090417049
2022-12-01,7829.49,1282055.01,31,2678400,7829490000.0,2923.1966845878137,0.42344760288707317,0.3528730024058943,0.2352486682705962,0.3335491485301645
2023-01-01,8036.89,1298726.62,31,2678400,8036890000.0,3000.630973715651,0.4346645573552159,0.3622204644626799,0.24148030964178663,0.34238472957122285
2023-02-01,7534.76,1235846.62,28,2419200,7534760000.0,3114.566798941799,0.4511690410696861,0.3759742008914051,0.25064946726093673,0.35538529080325704
2023-03-01,8685.3,1410443.01,31,2678400,8685300000.0,3242.7195340501794,0.46973295391591235,0.3914441282632603,0.26096275217550685,0.37000806179317397
2023-04-01,8863.26,1415504.71,30,2592000,8863260000.0,3419.4675925925926,0.4953362744517258,0.41278022870977155,0.27518681913984766,0.3901757654382999
2023-05-01,9415.19,1489145.44,31,2678400,9415190000.0,3515.2292413381124,0.5092080884229168,0.424340073685764,0.282893382457176,0.40110257599788995
2023-06-01,9335.06,1475464.26,30,2592000,9335060000.0,3601.489197530864,0.5217035088876246,0.4347529240730205,0.289835282715347,0.41094520310951677
2023-07-01,9964.61,1533536.44,31,2678400,9964610000.0,3720.3591696535245,0.5389227418649948,0.44910228488749565,0.29940152325833047,0.4245087714442655
2023-08-01,10586.02,1576536.56,31,2678400,10586020000.0,3952.367084826762,0.5725308791651326,0.4771090659709438,0.31807271064729586,0.4509818592683932
2023-09-01,10555.69,1579133.18,30,2592000,10555690000.0,4072.411265432099,0.5899202053045197,0.4916001710870998,0.32773344739139987,0.4646794097746662
2023-10-01,11408.79,1715768.34,31,2678400,11408790000.0,4259.5542114695345,0.6170293055284587,0.5141910879403823,0.34279405862692147,0.48603321420162177
2023-11-01,11235.29,1739740.61,30,2592000,11235290000.0,4334.60262345679,0.6279006472770436,0.5232505393975364,0.3488336929316909,0.49459655653464707
2023-12-01,12020.23,1822949.42,31,2678400,12020230000.0,4487.839755077658,0.6500982285757161,0.5417485238130967,0.3611656825420645,0.512081563631442
2024-01-01,12203.02,1841083.97,31,2678400,12203020000.0,4556.085722819594,0.6599841837696978,0.5499868198080815,0.36665787987205434,0.5198687182047066
2024-02-01,12102.67,1827869.35,29,2505600,12102670000.0,4830.248243933589,0.6996987411168945,0.5830822842640787,0.38872152284271916,0.5511518254819546
2024-03-01,13440.0,1978353.23,31,2678400,13440000000.0,5017.921146953405,0.7268846097002822,0.6057371747502353,0.40382478316682346,0.5725661002498771
2024-04-01,13303.99,1964464.52,30,2592000,13303990000.0,5132.712191358025,0.7435129785138894,0.6195941487615746,0.41306276584104973,0.5856642456199511
2024-05-01,14035.84,2044937.05,31,2678400,14035840000.0,5240.382317801673,0.7591098273969948,0.6325915228308291,0.4217276818872194,0.5979498640276217
2024-06-01,13885.14,2007081.2,30,2592000,13885140000.0,5356.9212962962965,0.775991397955226,0.6466594982960217,0.4311063321973478,0.6112474560960589
2024-07-01,14435.55,2064292.41,31,2678400,14435550000.0,5389.616935483871,0.780727613657657,0.6506063447147142,0.4337375631431428,0.6149781672962883
2024-08-01,14963.05,2060735.57,31,2678400,14963050000.0,5586.562873357228,0.8092567529148668,0.6743806274290557,0.4495870849527038,0.6374505346982087
2024-09-01,15041.75,2063994.71,30,2592000,15041750000.0,5803.144290123457,0.8406302428490473,0.7005252023742061,0.46701680158280406,0.6621633935799635
2024-10-01,16584.97,2349821.46,31,2678400,16584970000.000002,6192.118428912784,0.8969761492069116,0.747480124339093,0.49832008289272867,0.7065469937247921
2024-11-01,15482.02,2155187.4,30,2592000,15482020000.0,5973.001543209876,0.8652353770268623,0.7210294808557186,0.48068632057047905,0.6815448270761624
2024-12-01,16730.01,2324699.91,31,2678400,16730009999.999998,6246.270161290322,0.9048204456199269,0.7540170380166058,0.5026780253444039,0.7127259362233219
2025-01-01,16996.0,2348037.12,31,2678400,16996000000.0,6345.57945041816,0.919206162683482,0.7660051355695684,0.5106700903797122,0.7240575476076572
2025-02-01,16106.19,2196481.69,28,2419200,16106190000.0,6657.65128968254,0.9644121773734223,0.803676814477852,0.5357845429852346,0.7596662689830215
2025-03-01,18301.51,2477221.61,31,2678400,18301510000.0,6833.001045400239,0.9898129429520693,0.8248441191267245,0.5498960794178164,0.779674420341081
2025-04-01,17893.42,2394925.87,30,2592000,17893420000.0,6903.325617283951,1.0,0.8333333333333334,0.5555555555555556,0.7876987524690672
2025-05-01,18677.46,2514297.01,31,2678400,18677460000.0,6973.364695340501,1.01014570106344,0.8417880842195333,0.5611920561463556,0.7956905085396629
2025-06-01,18395.01,2403930.69,30,2592000,18395010000.0,7096.840277777777,1.0280320922439645,0.8566934102033037,0.5711289401355358,0.8097795965587358
2025-07-01,19467.95,2508498.09,31,2678400,19467950000.0,7268.499850657109,1.0528983063552537,0.8774152552960449,0.5849435035306966,0.8293666823928272
2025-08-01,20008.31,2485472.91,31,2678400,20008310000.0,7470.247162485066,1.0821229616899,0.9017691347415834,0.6011794231610555,0.8523869069412664
2025-09-01,19633.43,2489736.54,30,2592000,19633430000.0,7574.625771604939,1.0972430088825949,0.914369174068829,0.6095794493792194,0.8642969492522256
2025-10-01,20700.92,2727790.68,31,2678400,20700920000.0,7728.838112305854,1.1195818567438072,0.9329848806198393,0.6219899204132262,0.8818932318440987
2025-11-01,20466.98,2631632.63,30,2592000,20466980000.0,7896.211419753086,1.1438271722230853,0.9531893101859045,0.6354595401239364,0.9009912366003451
2025-12-01,21634.67,2796712.73,31,2678400,21634670000.0,8077.460424133811,1.170082489504792,0.9750687412539935,0.6500458275026623,0.9216725172688252
2026-01-01,21703.44,2833481.22,31,2678400,21703440000.0,8103.136200716845,1.1738018239251111,0.9781681866042593,0.6521121244028395,0.9246022323517257
2026-02-01,20394.18,2684229.29,28,2419200,20394180000.0,8430.13392857143,1.221169968785014,1.0176416406541784,0.6784277604361189,0.9619140609646452
2026-03-01,22641.11,2952542.05,31,2678400,22641110000.0,8453.22207287933,1.2245144646972588,1.020428720581049,0.6802858137206994,0.9645485162223584
2026-04-01,22346.8,2902988.05,30,2592000,22346800000.0,8621.45061728395,1.248883667851087,1.0407363898759059,0.6938242599172706,0.9837441071452941
2026-05-01,23201.93,2990424.21,31,2678400,23201930000.0,8662.608273596177,1.2548456720493506,1.0457047267077921,0.6971364844718615,0.9884403704144816
2026-06-01,22716.07,2892138.67,30,2592000,22716070000.0,8763.915895061727,1.2695208629764458,1.0579340524803715,0.7052893683202477,1.0
