start,end,d1,d2,d3,mean_dev,max_dev
2021-07,2021-09,-0.8891,-0.4793,-0.4796,-0.616,-0.4793
2021-08,2021-10,-0.3353,-0.4041,0.5318,-0.0692,0.5318
2021-09,2021-11,-0.3043,0.6843,-0.0548,0.1084,0.6843
2021-10,2021-12,1.347,0.2114,0.0521,0.5368,1.347
2021-11,2022-01,0.2912,0.0517,-1.9252,-0.5274,0.2912
2021-12,2022-02,-0.157,-2.3797,-0.9249,-1.1539,-0.157
2022-01,2022-03,-2.6981,-1.1338,0.4038,-1.1427,0.4038
2022-02,2022-04,-0.748,0.471,1.4181,0.3804,1.4181
2022-03,2022-05,0.5455,1.4298,0.7296,0.9016,1.4298
2022-04,2022-06,1.2822,0.5581,-0.9047,0.3119,1.2822
2022-05,2022-07,0.6603,-1.1891,-1.6525,-0.7271,0.6603
2022-06,2022-08,-1.4491,-1.9975,-1.7917,-1.7461,-1.4491
2022-07,2022-09,-1.717,-1.5578,0.1756,-1.0331,0.1756
2022-08,2022-10,-1.3952,-0.01,0.1681,-0.4124,0.1681
2022-09,2022-11,-0.0233,0.095,-0.1978,-0.042,0.095
2022-10,2022-12,0.1332,-0.2123,-0.3176,-0.1322,0.1332
2022-11,2023-01,-0.1917,-0.4314,-1.4614,-0.6948,-0.1917
2022-12,2023-02,-0.4971,-1.6077,-1.6733,-1.2593,-0.4971
2023-01,2023-03,-1.64,-1.7816,-1.5421,-1.6546,-1.5421
2023-02,2023-04,-1.2889,-1.1882,-0.167,-0.8814,-0.167
2023-03,2023-05,-1.0827,-0.1617,-0.6804,-0.6416,-0.1617
2023-04,2023-06,-0.1239,-0.7837,-1.6323,-0.8466,-0.1239
2023-05,2023-07,-1.0214,-2.2837,-2.6206,-1.9752,-1.0214
2023-06,2023-08,-1.9289,-2.3376,0.1071,-1.3865,0.1071
2023-07,2023-09,-1.752,0.0801,-0.3269,-0.6663,0.0801
2023-08,2023-10,0.2671,-0.1576,0.6344,0.248,0.6344
2023-09,2023-11,-0.173,0.6277,-0.694,-0.0798,0.6277
2023-10,2023-12,0.7077,-0.6422,-0.4871,-0.1405,0.7077
2023-11,2024-01,-0.5195,-0.3496,-1.6962,-0.8551,-0.3496
2023-12,2024-02,-0.1471,-1.4325,0.8508,-0.2429,0.8508
2024-01,2024-03,-1.637,1.0637,2.0023,0.4763,2.0023
2024-02,2024-04,0.4551,0.9014,0.546,0.6342,0.9014
2024-03,2024-05,0.9396,0.6365,0.2609,0.6123,0.9396
2024-04,2024-06,0.5348,0.1699,-0.1078,0.199,0.5348
2024-05,2024-07,0.1079,-0.1951,-1.3782,-0.4885,0.1079
2024-06,2024-08,-0.3694,-1.5728,-1.0612,-1.0011,-0.3694
2024-07,2024-09,-1.5866,-1.1219,-0.4604,-1.0563,-0.4604
2024-08,2024-10,-1.0625,-0.2776,2.4949,0.3849,2.4949
2024-09,2024-11,-0.2624,2.7843,-1.9175,0.2015,2.7843
2024-10,2024-12,3.1061,-1.8246,-0.194,0.3625,3.1061
2024-11,2025-01,-1.5479,-0.2945,-0.8173,-0.8866,-0.2945
2024-12,2025-02,-0.0584,-0.5689,0.9965,0.1231,0.9965
2025-01,2025-03,-0.4623,1.2481,1.5106,0.7655,1.5106
2025-02,2025-04,1.3345,1.6525,0.7714,1.2528,1.6525
2025-03,2025-05,1.3819,0.5451,-0.2949,0.544,1.3819
2025-04,2025-06,0.2816,-0.5144,-0.7447,-0.3259,0.2816
2025-05,2025-07,-0.3837,-0.7168,-0.4096,-0.5034,-0.3837
2025-06,2025-08,-1.0581,-0.6868,0.1373,-0.5359,0.1373
2025-07,2025-09,-0.6451,0.1755,-0.4261,-0.2986,0.1755
2025-08,2025-10,0.0637,-0.5621,-0.3852,-0.2946,0.0637
2025-09,2025-11,-0.3712,-0.1885,0.1963,-0.1211,0.1963
2025-10,2025-12,0.1694,0.5736,1.1982,0.6471,1.1982
